ID,NAME,PASSWORD
1,同級生1,55de608a-0145-4ea0-abff-137b093be6f2
2,同級生2,28913ab3-af93-4651-9c13-b8cf9a43881d
3,同級生3,0064ec87-0ac8-4121-9332-0a61ebb19c57
4,同級生4,32819f90-fd6b-4f17-b768-f025450a1ca4
5,同級生5,5c47529d-997c-485f-af8d-5dc4b5398cf4
6,同級生6,a5a081ad-4a00-46d3-b7fe-b010453f634c
7,同級生7,17c9c171-6059-44ed-8284-b84ac0c5af31
8,同級生8,b4db3ad1-54a9-4f1d-96b7-89bdbacee0f3
9,同級生9,90b09792-a666-4aad-bd54-91170a702e53
10,同級生10,1e08d109-f9a4-47d7-bac0-a21bbf3e4b9a
11,同級生11,453c4fc8-0209-4664-bfa4-f63ab1e81886
12,同級生12,de1e31e5-772b-4b41-921f-baff13c31c0a
13,同級生13,b2a3a70c-5ef8-4fd7-b448-530e2a01da16
14,同級生14,eb8da262-8c06-4ec1-abc0-a0d1f261d481
15,同級生15,97cb9572-1253-4640-b75f-9eb897f8d37e
16,同級生16,f965bd39-5836-43d5-8f44-cf302fcdc9cc
17,同級生17,a5d126f1-69ab-4ab3-a842-14aecba1139e
18,同級生18,e1d23cdc-3b54-4fd2-ab50-83b5c724d693
19,同級生19,8b77b451-be8a-48ba-a4f8-b94fbb37b3f2
20,同級生20,44642aa8-a85e-4ffb-bbd4-850a615d27a5
21,同級生21,07dc9dfe-1242-4c1e-a081-2b638ada9bb1
22,同級生22,99ee51f5-5bd7-49a2-be8c-3817c6067054
23,同級生23,818e933c-4266-41fe-8db8-08ee562ddc80
24,同級生24,f6dd599e-b53a-4907-948b-abb99cb7e3f4
25,同級生25,0d6d5e38-3d9c-41dd-a164-8bd166ebbaed
26,同級生26,42a72f4d-de7d-4fcb-9d69-61187d1788b2
27,同級生27,b97302a8-669d-4e19-bc80-f9645d68ad8f
28,同級生28,ae133d19-ee83-435a-9628-2adf160afe95
29,同級生29,8579e49d-f494-40fa-8c90-01044d17d2aa
30,同級生30,58180103-d921-43ac-8327-af41623d9312
31,同級生31,66259544-b8a9-4fb6-bcc4-3e8b5a5a7159
32,同級生32,dc5ab924-4595-4837-b69b-7a44a1474581
33,同級生33,920b70e2-a977-4e6a-a318-4bca4ea8cdad
34,同級生34,47fbfb3d-9425-41eb-b481-2e55361770aa
35,同級生35,40beb2c4-1de0-4dc9-a6af-e6b76e8a3454
36,同級生36,7ca8277b-737d-434b-9654-94bd5fccf469
37,同級生37,677fe7c1-548c-46d9-be59-0dc8aed882de
38,同級生38,a6666d76-d278-4e3f-9760-aa0257ba1978
39,同級生39,3d202aa6-2440-47fc-8a2d-49e514ad5dba
40,同級生40,dd60120b-3f71-4d3c-8f66-2571eee7c56b
41,同級生41,af45ee58-f18c-437b-8a32-e4ef8c94bf2b
42,同級生42,f8fa5cbf-ad25-4545-85ea-99ac783a9e27
43,同級生43,a8120d2c-8f99-4563-ae77-2f249d071bdf
44,同級生44,08749f50-a83e-4e79-a7bc-1563909d1051
45,同級生45,953eb97c-e580-4d57-a3d2-165b30ac626c
46,同級生46,032a5246-3a06-4b93-a0fe-347444de37fb
47,同級生47,970d49a8-f30e-48c4-a6bc-3662d013eff3
48,同級生48,d1bf394e-f3f7-4a9d-b77c-47b3dae55a90
49,同級生49,436d39b1-34a3-4664-b6cf-cd139e4470bd
50,同級生50,5cbaddb1-f977-433e-afc2-22bebebfed3c
51,同級生51,1a7e94d0-8d16-448f-82c1-31dfa55f9a97
52,同級生52,eafdb656-7e2a-4858-8a83-fc208db30502
53,同級生53,1ad66d91-abd1-4004-b846-7a5c06f6ccf1
54,同級生54,7b38d178-72c6-4310-9c32-083db7848b0e
55,同級生55,3ae4c35d-797d-424a-80b8-be54d7edc857
56,同級生56,f23994c3-d3e9-4da2-813e-9c3c39167923
57,同級生57,93e7afaf-3a5c-419e-9b8f-e3bffe8afd4d
58,同級生58,7a64f415-3585-4144-a987-d26be25acdde
59,同級生59,5b26b293-f509-4336-bc50-9f5f6e4c55dc
60,同級生60,25525fd3-2f4d-481a-b14c-9781a3ab42bb
61,同級生61,9a7ce77d-7d8c-4ac1-b216-ab3c7d1146ae
62,同級生62,f7173064-5389-4241-99a4-9825efd13ecb
63,同級生63,0073d5a1-3d71-4866-84c5-3ce7e676ce68
64,同級生64,8c6c225e-8c9c-4926-bdfb-b6a165d47502
65,同級生65,85629b23-9997-455a-aab0-1104b0cd3d58
66,同級生66,466654a0-4fab-470b-9a40-b494f2b2f44d
67,同級生67,83690549-3b59-48ff-82bd-1506d7cc1c8f
68,同級生68,d5def53e-c45e-424a-a452-f50729c166e0
69,同級生69,11499a5f-d9b1-4eb7-9171-c9c0027f3dd9
70,同級生70,cf855580-0511-42d9-879e-93987de1bf1f
71,同級生71,c6aabff0-cf3e-4201-8502-d29acd17a3a7
72,同級生72,1def40d6-eccb-4670-ad6e-5dd583dc1401
73,同級生73,14c13d64-be91-4e9a-91be-7442b7e21342
74,同級生74,17051b45-736c-4a2f-9152-2f5f59fae3e5
75,同級生75,757f385e-49bd-464f-a3bb-b4a4f1fc640a
76,同級生76,67e0197f-4322-4d68-87f0-f21afa370da4
77,同級生77,a8dbebb7-b1f3-4136-bc3f-75cef062dd47
78,同級生78,7f8c8c70-c199-4f1b-9a4e-b9e3b5b44239
79,同級生79,841f3c69-6a20-4411-9e3e-292291334d15
80,同級生80,4ad34044-0423-47df-91f0-a09fa6bbc430
81,同級生81,925f70bd-a919-43d2-bb54-015e9b77e5f0
82,同級生82,4c4224a2-2bb7-404d-9e6c-ef353838bcce
83,同級生83,7a54c1e9-2872-4526-9f78-9d75f0d4c7ad
84,同級生84,ecc59138-5a20-4af4-8d8a-8f735db7ec5d
85,同級生85,4af1f2eb-0ebb-4b8b-9518-6f761f1f090e
86,同級生86,00510fd9-d283-4729-a127-5e91eea5edd0
87,同級生87,96b2fed6-3d62-4fc2-92c2-e6b6d5717d83
88,同級生88,0f17642c-603b-4d00-8158-f1aef7b43ed5
89,同級生89,872ca984-e765-4614-95c1-567323ca2dbf
90,同級生90,95edd941-ada7-439a-a381-4a41cadf6f19
91,同級生91,41147872-3423-4adc-a5de-64a549b3d6c3
92,同級生92,44c445c2-e63b-45b1-8814-0111a834d9a5
93,同級生93,b181aa51-6818-4509-8597-40dc64e1fad1
94,同級生94,adcf0a77-b884-493a-8352-40e9b64ee1c9
95,同級生95,fb2c30f7-8d3b-4f62-b37f-3f954671de0b
96,同級生96,50d2926e-5d61-4052-91dc-362707a00873
97,同級生97,9070aa95-3fe5-4865-96b6-b02ef7478859
98,同級生98,c357d76e-b7a9-49f7-9f7c-dc25b57fe8f5
99,同級生99,712d7d0c-decb-4db0-9e31-c49dd244fa5b
100,同級生100,90dd89ee-8b45-4156-aab2-ed88c6a0b2c3
101,同級生101,cabbbccc-7cc3-4d09-8575-f4368eb03a6f
102,同級生102,19fbd6a6-1c33-495e-b990-271335a37b78
103,同級生103,8ec18346-9ace-4668-be3e-fb5ac47f1e54
104,同級生104,32111704-e36f-451c-96ec-e829fb5a77a1
105,同級生105,ce7751b8-3957-4ee6-b545-cee0e4184c76
106,同級生106,677bf5bc-ea97-4e2b-bca5-524d5aec8180
107,同級生107,05bdbeaf-1951-49e3-8007-b617365dc647
108,同級生108,c4ca0576-4ab5-4b80-a080-241462ce40de
109,同級生109,1e82ff4a-8645-4832-815d-6e3a9ff51151
110,同級生110,9d12fff7-9bb3-424b-910a-fe71d62d5075
111,同級生111,1a352b15-8237-4d40-842e-8a15385239e6
112,同級生112,3241c493-8b8e-4ea3-af4b-d183e16415fe
113,同級生113,a020a357-8385-405a-960b-7294dc00d028
114,同級生114,62db83b8-9a9d-4de7-8f90-5afce304ba85
115,同級生115,3c2d10fe-ffa8-4933-bc05-079280f0ac67
116,同級生116,f3e3ee2d-3ff1-467d-9a6b-22c54d708434
117,同級生117,5d9bb4fb-6fc3-4f9a-bb16-9824a3ef0b19
118,同級生118,db0a0fce-d31f-4524-86e9-2e658e0a62df
119,同級生119,f84361fb-d6cc-4efc-a75e-d55ae319c86c
120,同級生120,2caa4924-4fe5-4868-b87f-8adff0af2bf4
121,同級生121,f26ca927-001c-450a-a272-144649993e04
122,同級生122,a60195c3-bccd-49a6-bef1-3197eb7a9f77